{
  "cache": {
    "user123": {
      "key": "user123",
      "value": "John Doe",
      "created_at": 1749290470.098139,
      "accessed_at": 1749290470.098139,
      "access_count": 0,
      "ttl": 300,
      "expires_at": 1749290770.098139
    }
  },
  "stats": {
    "hits": 0,
    "misses": 0,
    "sets": 1,
    "deletes": 0,
    "evictions": 0
  },
  "timestamp": 1749290484.562112
}